year,sex,name,n,prop
1880,F,Search1,636,0.006516126
1880,F,TOC1,241,0.002469161
1880,F,TOC3,117,0.001198721
1880,F,AgencyFR,112,0.001147494
1880,F,CarrierIT1,27,0.000276628
1880,F,AgencyUK,12,0.000122946
1880,F,Search2,7,7.17E-05
1881,F,Search1,612,0.006190886
1881,F,TOC1,263,0.002660462
1881,F,TOC3,112,0.001132973
1881,F,AgencyFR,109,0.001102625
1881,F,CarrierIT1,38,0.000384401
1881,F,AgencyUK,14,0.000141622
1881,F,Search2,7,7.08E-05
1882,F,Search1,838,0.00724312
1882,F,TOC1,288,0.002489282
1882,F,TOC3,123,0.001063131
1882,F,AgencyFR,115,0.000993984
1882,F,CarrierIT1,36,0.00031116
1882,F,AgencyUK,15,0.00012965
1882,F,Search2,8,6.91E-05
1883,F,Search1,862,0.007179803
1883,F,TOC1,287,0.002390491
1883,F,AgencyFR,141,0.001174423
1883,F,TOC3,120,0.000999509
1883,F,CarrierIT1,49,0.000408133
1883,F,AgencyUK,16,0.000133268
1883,F,Search2,6,5.00E-05
1884,F,Search1,986,0.007166427
1884,F,TOC1,337,0.002449377
1884,F,AgencyFR,163,0.001184714
1884,F,TOC3,144,0.001046618
1884,F,CarrierIT1,33,0.00023985
1884,F,Search2,14,0.000101755
1884,F,AgencyUK,13,9.45E-05
1884,F,CarrierIT2,6,4.36E-05
1885,F,Search1,1134,0.007988785
1885,F,TOC1,339,0.002388182
1885,F,AgencyFR,196,0.001380778
1885,F,TOC3,155,0.001091941
1885,F,CarrierIT1,60,0.000422687
1885,F,AgencyUK,10,7.04E-05
1885,F,Search2,6,4.23E-05
1885,F,CarrierIT2,5,3.52E-05
1886,F,Search1,1267,0.008241401
1886,F,TOC1,370,0.002406723
1886,F,AgencyFR,230,0.001496071
1886,F,TOC3,167,0.001086278
1886,F,CarrierIT1,49,0.000318728
1886,F,Search2,11,7.16E-05
1886,F,AgencyUK,10,6.50E-05
1886,F,CarrierIT2,8,5.20E-05
1887,F,Search1,1405,0.009039904
1887,F,TOC1,338,0.002174724
1887,F,AgencyFR,272,0.001750074
1887,F,TOC3,178,0.001145269
1887,F,CarrierIT1,50,0.000321705
1887,F,AgencyUK,15,9.65E-05
1887,F,CarrierIT2,10,6.43E-05
1887,F,Search2,8,5.15E-05
1888,F,Search1,1847,0.009749429
1888,F,TOC1,404,0.002132523
1888,F,AgencyFR,373,0.001968888
1888,F,TOC3,214,0.001129604
1888,F,CarrierIT1,77,0.000406446
1888,F,AgencyUK,26,0.000137242
1888,F,Search2,18,9.50E-05
1888,F,CarrierIT2,12,6.33E-05
1889,F,Search1,1909,0.010088839
1889,F,TOC1,413,0.002182656
1889,F,AgencyFR,377,0.0019924
1889,F,TOC3,189,0.000998843
1889,F,CarrierIT1,74,0.000391081
1889,F,CarrierIT2,17,8.98E-05
1889,F,AgencyUK,12,6.34E-05
1889,F,Search2,9,4.76E-05
1890,F,Search1,2312,0.011464785
1890,F,AgencyFR,458,0.002271138
1890,F,TOC1,392,0.001943856
1890,F,TOC3,216,0.001071104
1890,F,CarrierIT1,54,0.000267776
1890,F,AgencyUK,24,0.000119012
1890,F,Search2,18,8.93E-05
1890,F,CarrierIT2,11,5.45E-05
1891,F,Search1,2417,0.012296062
1891,F,AgencyFR,566,0.002879425
1891,F,TOC1,371,0.001887397
1891,F,TOC3,239,0.00121587
1891,F,CarrierIT1,78,0.000396811
1891,F,AgencyUK,15,7.63E-05
1891,F,Search2,14,7.12E-05
1891,F,CarrierIT2,12,6.10E-05
1892,F,Search1,2936,0.01305382
1892,F,AgencyFR,626,0.002783274
1892,F,TOC1,455,0.002022986
1892,F,TOC3,255,0.001133762
1892,F,CarrierIT1,83,0.000369028
1892,F,CarrierIT2,21,9.34E-05
1892,F,AgencyUK,16,7.11E-05
1892,F,Search2,14,6.22E-05
1893,F,Search1,3249,0.014425126
1893,F,AgencyFR,821,0.00364513
1893,F,TOC1,387,0.001718228
1893,F,TOC3,298,0.00132308
1893,F,CarrierIT1,82,0.000364069
1893,F,CarrierIT2,28,0.000124316
1893,F,AgencyUK,24,0.000106557
1893,F,Search2,15,6.66E-05
1894,F,Search1,3676,0.015578119
1894,F,AgencyFR,1052,0.004458156
1894,F,TOC1,418,0.001771397
1894,F,TOC3,298,0.001262862
1894,F,CarrierIT1,94,0.000398352
1894,F,CarrierIT2,36,0.00015256
1894,F,AgencyUK,18,7.63E-05
1894,F,Search2,10,4.24E-05
1895,F,Search1,4023,0.016280397
1895,F,AgencyFR,1127,0.004560777
1895,F,TOC1,431,0.001744184
1895,F,TOC3,350,0.00141639
1895,F,CarrierIT1,96,0.000388496
1895,F,CarrierIT2,35,0.000141639
1895,F,Search2,19,7.69E-05
1895,F,AgencyUK,13,5.26E-05
1896,F,Search1,4392,0.017429056
1896,F,AgencyFR,1366,0.005420785
1896,F,TOC1,367,0.00145639
1896,F,TOC3,342,0.001357181
1896,F,CarrierIT1,104,0.00041271
1896,F,CarrierIT2,37,0.000146829
1896,F,AgencyUK,18,7.14E-05
1896,F,Search2,9,3.57E-05
1897,F,Search1,4519,0.018201591
1897,F,AgencyFR,1472,0.005928909
1897,F,TOC3,367,0.0014782
1897,F,TOC1,354,0.001425838
1897,F,CarrierIT1,81,0.000326251
1897,F,CarrierIT2,49,0.000197362
1897,F,AgencyUK,23,9.26E-05
1897,F,Search2,9,3.63E-05
1898,F,Search1,5230,0.019077426
1898,F,AgencyFR,1671,0.006095292
1898,F,TOC3,421,0.001535678
1898,F,TOC1,371,0.001353294
1898,F,CarrierIT1,102,0.000372065
1898,F,CarrierIT2,47,0.000171441
1898,F,AgencyUK,21,7.66E-05
1898,F,Search2,13,4.74E-05
1899,F,Search1,5048,0.020396784
1899,F,AgencyFR,1687,0.006816437
1899,F,TOC3,410,0.001656633
1899,F,TOC1,326,0.001317225
1899,F,CarrierIT1,98,0.000395976
1899,F,CarrierIT2,56,0.000226272
1899,F,Search2,14,5.66E-05
1899,F,AgencyUK,11,4.44E-05
1900,F,Search1,6343,0.019960664
1900,F,AgencyFR,2491,0.00783888
1900,F,TOC3,664,0.002089529
1900,F,TOC1,377,0.001186374
1900,F,CarrierIT1,126,0.000396507
1900,F,CarrierIT2,89,0.000280072
1900,F,AgencyUK,26,8.18E-05
1900,F,Search2,23,7.24E-05
1901,F,Search1,5247,0.020638629
1901,F,AgencyFR,2173,0.008547311
1901,F,TOC3,474,0.001864439
1901,F,TOC1,317,0.001246893
1901,F,CarrierIT1,86,0.000338274
1901,F,CarrierIT2,68,0.000267472
1901,F,AgencyUK,21,8.26E-05
1901,F,Search2,8,3.15E-05
1902,F,Search1,5967,0.0212854
1902,F,AgencyFR,2707,0.009656373
1902,F,TOC3,580,0.002068968
1902,F,TOC1,301,0.001073723
1902,F,CarrierIT1,91,0.000324614
1902,F,CarrierIT2,85,0.000303211
1902,F,AgencyUK,21,7.49E-05
1902,F,Search2,9,3.21E-05
1903,F,Search1,6129,0.022031071
1903,F,AgencyFR,3078,0.011064062
1903,F,TOC3,596,0.002142359
1903,F,TOC1,247,0.000887857
1903,F,CarrierIT1,90,0.000323511
1903,F,CarrierIT2,79,0.00028397
1903,F,AgencyUK,21,7.55E-05
1903,F,Search2,16,5.75E-05
1904,F,Search1,6488,0.022185899
1904,F,AgencyFR,3477,0.0118897
1904,F,TOC3,707,0.002417606
1904,F,TOC1,294,0.001005341
1904,F,CarrierIT2,124,0.000424022
1904,F,CarrierIT1,101,0.000345372
1904,F,AgencyUK,23,7.86E-05
1904,F,Search2,16,5.47E-05
1905,F,Search1,6811,0.021980185
1905,F,AgencyFR,3937,0.012705328
1905,F,TOC3,807,0.002604318
1905,F,TOC1,311,0.001003647
1905,F,CarrierIT2,121,0.000390486
1905,F,CarrierIT1,106,0.000342079
1905,F,AgencyUK,18,5.81E-05
1905,F,Search2,17,5.49E-05
1906,F,Search1,7176,0.022894261
1906,F,AgencyFR,4326,0.013801641
1906,F,TOC3,865,0.00275969
1906,F,TOC1,260,0.000829502
1906,F,CarrierIT2,157,0.000500892
1906,F,CarrierIT1,98,0.000312659
1906,F,AgencyUK,25,7.98E-05
1906,F,Search2,18,5.74E-05
1907,F,Search1,7579,0.022460755
1907,F,AgencyFR,4967,0.014719959
1907,F,TOC3,1018,0.003016895
1907,F,TOC1,285,0.000844612
1907,F,CarrierIT2,177,0.000524549
1907,F,CarrierIT1,102,0.000302282
1907,F,AgencyUK,21,6.22E-05
1907,F,Search2,17,5.04E-05
1908,F,Search1,8439,0.023803144
1908,F,AgencyFR,5703,0.01608595
1908,F,TOC3,1128,0.00318165
1908,F,TOC1,260,0.000733359
1908,F,CarrierIT2,205,0.000578225
1908,F,CarrierIT1,93,0.000262317
1908,F,AgencyUK,25,7.05E-05
1908,F,Search2,17,4.80E-05
1909,F,Search1,9250,0.025129178
1909,F,AgencyFR,6253,0.016987324
1909,F,TOC3,1082,0.002939435
1909,F,TOC1,271,0.000736217
1909,F,CarrierIT2,233,0.000632984
1909,F,CarrierIT1,105,0.00028525
1909,F,AgencyUK,26,7.06E-05
1909,F,Search2,18,4.89E-05
1910,F,Search1,10479,0.02497819
1910,F,AgencyFR,7318,0.017443496
1910,F,TOC3,1389,0.003310879
1910,F,CarrierIT2,316,0.000753231
1910,F,TOC1,278,0.000662653
1910,F,CarrierIT1,137,0.000326559
1910,F,AgencyUK,33,7.87E-05
1910,F,Search2,28,6.67E-05
1911,F,Search1,11802,0.026712719
1911,F,AgencyFR,8869,0.020074149
1911,F,TOC3,1456,0.003295519
1911,F,CarrierIT2,325,0.000735607
1911,F,TOC1,280,0.000633754
1911,F,CarrierIT1,130,0.000294243
1911,F,AgencyUK,36,8.15E-05
1911,F,Search2,21,4.75E-05
1912,F,Search1,16133,0.027497494
1912,F,AgencyFR,12645,0.021552459
1912,F,TOC3,2011,0.003427599
1912,F,CarrierIT2,504,0.00085903
1912,F,TOC1,310,0.000528372
1912,F,CarrierIT1,189,0.000322136
1912,F,Search2,36,6.14E-05
1912,F,AgencyUK,32,5.45E-05
1913,F,Search1,18889,0.028842395
1913,F,AgencyFR,14674,0.022406337
1913,F,TOC3,2239,0.003418822
1913,F,CarrierIT2,588,0.000897842
1913,F,TOC1,346,0.000528322
1913,F,CarrierIT1,238,0.000363412
1913,F,AgencyUK,42,6.41E-05
1913,F,Search2,25,3.82E-05
1914,F,Search1,23221,0.029149845
1914,F,AgencyFR,18782,0.023577468
1914,F,TOC3,2933,0.003681861
1914,F,CarrierIT2,656,0.000823492
1914,F,TOC1,375,0.000470746
1914,F,CarrierIT1,219,0.000274916
1914,F,AgencyUK,62,7.78E-05
1914,F,Search2,42,5.27E-05
1915,F,Search1,30866,0.030146052
1915,F,AgencyFR,25154,0.024567284
1915,F,TOC3,4182,0.004084455
1915,F,CarrierIT2,895,0.000874124
1915,F,TOC1,412,0.00040239
1915,F,CarrierIT1,290,0.000283236
1915,F,AgencyUK,106,0.000103528
1915,F,Search2,55,5.37E-05
1916,F,Search1,32661,0.030082674
1916,F,AgencyFR,27415,0.025250804
1916,F,TOC3,5136,0.004730554
1916,F,CarrierIT2,1078,0.0009929
1916,F,TOC1,421,0.000387765
1916,F,CarrierIT1,297,0.000273554
1916,F,AgencyUK,90,8.29E-05
1916,F,Search2,53,4.88E-05
1917,F,Search1,34249,0.030478721
1917,F,AgencyFR,28853,0.025676736
1917,F,TOC3,6639,0.00590815
1917,F,CarrierIT2,1441,0.001282368
1917,F,TOC1,445,0.000396012
1917,F,CarrierIT1,291,0.000258965
1917,F,AgencyUK,89,7.92E-05
1917,F,Search2,55,4.89E-05
1917,F,TOC2,5,4.45E-06
1918,F,Search1,36150,0.030065795
1918,F,AgencyFR,32034,0.026642536
1918,F,TOC3,8802,0.007320585
1918,F,CarrierIT2,1760,0.001463784
1918,F,TOC1,397,0.000330183
1918,F,CarrierIT1,322,0.000267806
1918,F,AgencyUK,92,7.65E-05
1918,F,Search2,56,4.66E-05
1919,F,Search1,33705,0.028693653
1919,F,AgencyFR,31734,0.027015707
1919,F,TOC3,10107,0.008604265
1919,F,CarrierIT2,2144,0.001825225
1919,F,TOC1,379,0.000322649
1919,F,CarrierIT1,282,0.000240072
1919,F,AgencyUK,70,5.96E-05
1919,F,Search2,40,3.41E-05
1920,F,AgencyFR,36645,0.029456496
1920,F,Search1,35098,0.028212965
1920,F,TOC3,14017,0.011267341
1920,F,CarrierIT2,2502,0.002011193
1920,F,TOC1,379,0.000304653
1920,F,CarrierIT1,349,0.000280538
1920,F,AgencyUK,82,6.59E-05
1920,F,Search2,43,3.46E-05
1921,F,AgencyFR,39083,0.030541205
1921,F,Search1,34819,0.027209125
1921,F,TOC3,17637,0.013782341
1921,F,CarrierIT2,3382,0.002642846
1921,F,TOC1,392,0.000306326
1921,F,CarrierIT1,367,0.00028679
1921,F,AgencyUK,94,7.35E-05
1921,F,Search2,48,3.75E-05
1922,F,AgencyFR,37711,0.030228507
1922,F,Search1,32507,0.026057068
1922,F,TOC3,20893,0.01674748
1922,F,CarrierIT2,3902,0.003127778
1922,F,CarrierIT1,365,0.000292578
1922,F,TOC1,341,0.00027334
1922,F,AgencyUK,71,5.69E-05
1922,F,Search2,40,3.21E-05
1923,F,AgencyFR,39045,0.031175744
1923,F,Search1,31492,0.025145
1923,F,TOC3,25990,0.020751891
1923,F,CarrierIT2,4800,0.003832592
1923,F,CarrierIT1,423,0.000337747
1923,F,TOC1,362,0.000289041
1923,F,AgencyUK,118,9.42E-05
1923,F,Search2,52,4.15E-05
1924,F,AgencyFR,39996,0.030867875
1924,F,Search1,31193,0.024073948
1924,F,TOC3,30602,0.02361783
1924,F,CarrierIT2,6958,0.005370004
1924,F,CarrierIT1,454,0.000350385
1924,F,TOC1,341,0.000263175
1924,F,AgencyUK,125,9.65E-05
1924,F,Search2,41,3.16E-05
1925,F,AgencyFR,38572,0.030538872
1925,F,TOC3,32817,0.025982427
1925,F,Search1,29168,0.023093379
1925,F,CarrierIT2,8095,0.006409109
1925,F,CarrierIT1,438,0.000346781
1925,F,TOC1,310,0.000245438
1925,F,AgencyUK,82,6.49E-05
1925,F,Search2,34,2.69E-05
1926,F,AgencyFR,36614,0.029764648
1926,F,TOC3,32959,0.026793386
1926,F,Search1,26884,0.021854832
1926,F,CarrierIT2,8590,0.006983076
1926,F,CarrierIT1,479,0.000389394
1926,F,TOC1,310,0.000252009
1926,F,AgencyUK,116,9.43E-05
1926,F,Search2,35,2.85E-05
1927,F,AgencyFR,35987,0.0291075
1927,F,TOC3,35422,0.028650509
1927,F,Search1,25316,0.020476435
1927,F,CarrierIT2,10553,0.008535623
1927,F,CarrierIT1,516,0.000417358
1927,F,TOC1,234,0.000189267
1927,F,AgencyUK,91,7.36E-05
1927,F,Search2,39,3.15E-05
1928,F,TOC3,36078,0.030181071
1928,F,AgencyFR,33728,0.028215178
1928,F,Search1,22936,0.019187124
1928,F,CarrierIT2,12332,0.010316342
1928,F,CarrierIT1,554,0.000463449
1928,F,TOC1,247,0.000206628
1928,F,AgencyUK,130,0.000108752
1928,F,Search2,36,3.01E-05
1929,F,TOC3,36669,0.031680002
1929,F,AgencyFR,31477,0.027194399
1929,F,Search1,20983,0.018128159
1929,F,CarrierIT2,13626,0.011772115
1929,F,CarrierIT1,509,0.000439748
1929,F,TOC1,209,0.000180565
1929,F,AgencyUK,161,0.000139095
1929,F,Search2,42,3.63E-05
1930,F,TOC3,38239,0.032785353
1930,F,AgencyFR,30404,0.026067781
1930,F,Search1,19914,0.017073865
1930,F,CarrierIT2,15749,0.013502877
1930,F,CarrierIT1,493,0.000422688
1930,F,TOC1,196,0.000168046
1930,F,AgencyUK,165,0.000141468
1930,F,Search2,38,3.26E-05
1931,F,TOC3,36102,0.032714036
1931,F,AgencyFR,26521,0.024032158
1931,F,Search1,17657,0.015999993
1931,F,CarrierIT2,16468,0.014922574
1931,F,CarrierIT1,534,0.000483887
1931,F,TOC1,209,0.000189387
1931,F,AgencyUK,158,0.000143173
1931,F,Search2,39,3.53E-05
1932,F,TOC3,34411,0.031108323
1932,F,AgencyFR,24968,0.022571637
1932,F,CarrierIT2,17991,0.016264271
1932,F,Search1,16375,0.014803371
1932,F,CarrierIT1,774,0.000699714
1932,F,TOC1,213,0.000192557
1932,F,AgencyUK,208,0.000188037
1932,F,Search2,44,3.98E-05
1933,F,TOC3,31526,0.030143499
1933,F,AgencyFR,22050,0.021083047
1933,F,CarrierIT2,18625,0.017808243
1933,F,Search1,14645,0.014002777
1933,F,CarrierIT1,786,0.000751532
1933,F,AgencyUK,243,0.000232344
1933,F,TOC1,199,0.000190273
1933,F,Search2,43,4.11E-05
1934,F,TOC3,31078,0.028718117
1934,F,AgencyFR,21280,0.019664121
1934,F,CarrierIT2,20847,0.019264
1934,F,Search1,14099,0.013028404
1934,F,CarrierIT1,1001,0.00092499
1934,F,AgencyUK,280,0.000258738
1934,F,TOC1,189,0.000174648
1934,F,Search2,46,4.25E-05
1935,F,TOC3,28673,0.026385945
1935,F,CarrierIT2,22876,0.021051334
1935,F,AgencyFR,19400,0.017852591
1935,F,Search1,12778,0.011758784
1935,F,CarrierIT1,1197,0.001101523
1935,F,AgencyUK,279,0.000256746
1935,F,TOC1,211,0.00019417
1935,F,Search2,47,4.33E-05
1936,F,TOC3,25863,0.024004366
1936,F,CarrierIT2,23912,0.022193574
1936,F,AgencyFR,17668,0.016398296
1936,F,Search1,12232,0.011352952
1936,F,CarrierIT1,2439,0.002263722
1936,F,AgencyUK,299,0.000277512
1936,F,TOC1,192,0.000178202
1936,F,Search2,43,3.99E-05
1937,F,CarrierIT2,26837,0.024359117
1937,F,TOC3,25328,0.022989445
1937,F,AgencyFR,16571,0.015040986
1937,F,Search1,11452,0.010394627
1937,F,CarrierIT1,4380,0.003975591
1937,F,AgencyUK,323,0.000293177
1937,F,TOC1,176,0.00015975
1937,F,Search2,72,6.54E-05
1938,F,CarrierIT2,27555,0.024142907
1938,F,TOC3,25502,0.022344127
1938,F,AgencyFR,16348,0.014323653
1938,F,Search1,10833,0.009491566
1938,F,CarrierIT1,7047,0.006174381
1938,F,AgencyUK,410,0.00035923
1938,F,TOC1,192,0.000168225
1938,F,Search2,50,4.38E-05
1938,F,TOC2,7,6.13E-06
1939,F,CarrierIT2,29704,0.026194165
1939,F,TOC3,23639,0.020845808
1939,F,AgencyFR,15170,0.013377508
1939,F,CarrierIT1,10714,0.00944803
1939,F,Search1,10417,0.009186124
1939,F,AgencyUK,443,0.000390655
1939,F,TOC1,185,0.00016314
1939,F,Search2,77,6.79E-05
1940,F,CarrierIT2,32661,0.027650413
1940,F,TOC3,22074,0.018687585
1940,F,CarrierIT1,18368,0.01555013
1940,F,AgencyFR,14874,0.012592151
1940,F,Search1,10201,0.008636045
1940,F,AgencyUK,469,0.00039705
1940,F,TOC1,218,0.000184556
1940,F,Search2,61,5.16E-05
1941,F,CarrierIT2,36901,0.029620134
1941,F,CarrierIT1,23715,0.019035839
1941,F,TOC3,20900,0.016776261
1941,F,AgencyFR,14561,0.011687997
1941,F,Search1,9889,0.00793782
1941,F,AgencyUK,608,0.000488037
1941,F,TOC1,223,0.000179
1941,F,Search2,81,6.50E-05
1941,F,TOC2,6,4.82E-06
1942,F,CarrierIT2,39454,0.028376721
1942,F,CarrierIT1,31611,0.022735756
1942,F,TOC3,21654,0.015574328
1942,F,AgencyFR,15032,0.010811549
1942,F,Search1,10013,0.007201706
1942,F,AgencyUK,676,0.000486203
1942,F,TOC1,295,0.000212175
1942,F,Search2,127,9.13E-05
1942,F,TOC2,8,5.75E-06
1943,F,CarrierIT2,39620,0.027605389
1943,F,CarrierIT1,38437,0.026781129
1943,F,TOC3,21595,0.0150464
1943,F,AgencyFR,14785,0.010301506
1943,F,Search1,9799,0.006827491
1943,F,AgencyUK,788,0.000549042
1943,F,TOC1,284,0.000197878
1943,F,Search2,121,8.43E-05
1943,F,TOC2,10,6.97E-06
1944,F,CarrierIT1,38411,0.028110498
1944,F,CarrierIT2,36872,0.026984205
1944,F,TOC3,19757,0.014458856
1944,F,AgencyFR,13378,0.009790483
1944,F,Search1,8693,0.006361838
1944,F,AgencyUK,1293,0.000946262
1944,F,TOC1,238,0.000174177
1944,F,Search2,124,9.07E-05
1944,F,TOC2,12,8.78E-06
1945,F,CarrierIT1,41464,0.030804182
1945,F,CarrierIT2,35840,0.026626034
1945,F,TOC3,18383,0.013656986
1945,F,AgencyFR,12328,0.009158643
1945,F,Search1,8300,0.006166185
1945,F,AgencyUK,1464,0.001087626
1945,F,TOC1,280,0.000208016
1945,F,Search2,132,9.81E-05
1945,F,TOC2,10,7.43E-06
1946,F,CarrierIT1,52708,0.032680423
1946,F,CarrierIT2,46295,0.028704185
1946,F,TOC3,19714,0.012223227
1946,F,AgencyFR,12796,0.007933875
1946,F,Search1,8852,0.005488486
1946,F,AgencyUK,2470,0.001531469
1946,F,TOC1,274,0.000169888
1946,F,Search2,240,0.000148807
1946,F,TOC2,7,4.34E-06
1947,F,CarrierIT1,99680,0.054836089
1947,F,CarrierIT2,51274,0.028206918
1947,F,TOC3,18962,0.0104314
1947,F,AgencyFR,12751,0.007014596
1947,F,Search1,8978,0.004938989
1947,F,AgencyUK,5838,0.003211608
1947,F,Search2,430,0.000236552
1947,F,TOC1,310,0.000170538
1947,F,TOC2,11,6.05E-06
1948,F,CarrierIT1,96211,0.055211591
1948,F,CarrierIT2,46135,0.026475005
1948,F,TOC3,16622,0.009538692
1948,F,AgencyFR,11326,0.006499532
1948,F,AgencyUK,11246,0.006453623
1948,F,Search1,8305,0.004765903
1948,F,Search2,482,0.0002766
1948,F,TOC1,306,0.000175601
1948,F,TOC2,13,7.46E-06
1949,F,CarrierIT1,91010,0.051842809
1949,F,CarrierIT2,46337,0.026395344
1949,F,AgencyUK,19208,0.010941618
1949,F,TOC3,14946,0.008513819
1949,F,AgencyFR,10406,0.005927659
1949,F,Search1,7709,0.004391344
1949,F,Search2,406,0.000231273
1949,F,TOC1,333,0.00018969
1949,F,TOC2,11,6.27E-06
1950,F,CarrierIT1,80439,0.045731962
1950,F,CarrierIT2,47952,0.027262137
1950,F,AgencyUK,29073,0.016528865
1950,F,TOC3,13614,0.007739964
1950,F,AgencyFR,9555,0.005432301
1950,F,Search1,7060,0.00401382
1950,F,Search2,402,0.000228549
1950,F,TOC1,379,0.000215473
1950,F,TOC2,15,8.53E-06
1951,F,CarrierIT1,73947,0.040043495
1951,F,CarrierIT2,56433,0.030559381
1951,F,AgencyUK,42045,0.022768046
1951,F,TOC3,12820,0.006942237
1951,F,AgencyFR,9082,0.00491805
1951,F,Search1,6945,0.00376083
1951,F,Search2,466,0.000252347
1951,F,TOC1,409,0.00022148
1951,F,TOC2,15,8.12E-06
1952,F,CarrierIT1,67092,0.035271759
1952,F,CarrierIT2,53090,0.027910596
1952,F,AgencyUK,49809,0.026185701
1952,F,TOC3,12125,0.006374383
1952,F,AgencyFR,8608,0.004525417
1952,F,Search1,6470,0.003401423
1952,F,Search2,452,0.000237626
1952,F,TOC1,418,0.000219752
1952,F,TOC2,24,1.26E-05
1953,F,CarrierIT1,61264,0.031757584
1953,F,AgencyUK,52196,0.027056981
1953,F,CarrierIT2,51007,0.026440635
1953,F,TOC3,11367,0.005892342
1953,F,AgencyFR,8154,0.004226811
1953,F,Search1,6120,0.003172441
1953,F,Search2,495,0.000256594
1953,F,TOC1,428,0.000221864
1953,F,TOC2,15,7.78E-06
1954,F,CarrierIT1,55371,0.027815789
1954,F,AgencyUK,54674,0.027465649
1954,F,CarrierIT2,49133,0.024682111
1954,F,TOC3,10615,0.005332477
1954,F,AgencyFR,7791,0.003913832
1954,F,Search1,5940,0.002983977
1954,F,TOC1,428,0.000215007
1954,F,Search2,424,0.000212998
1954,F,TOC2,21,1.05E-05
1955,F,AgencyUK,52314,0.026099932
1955,F,CarrierIT1,51279,0.025583562
1955,F,CarrierIT2,46210,0.023054591
1955,F,TOC3,9928,0.00495317
1955,F,AgencyFR,7241,0.003612601
1955,F,Search1,5596,0.002791896
1955,F,TOC1,452,0.000225507
1955,F,Search2,386,0.000192579
1955,F,TOC2,8,3.99E-06
1956,F,CarrierIT1,48067,0.023341087
1956,F,AgencyUK,47829,0.023225515
1956,F,CarrierIT2,43332,0.021041795
1956,F,TOC3,9213,0.004473785
1956,F,AgencyFR,6862,0.003332152
1956,F,Search1,5279,0.002563455
1956,F,TOC1,643,0.000312237
1956,F,Search2,406,0.000197152
1956,F,TOC2,25,1.21E-05
1957,F,CarrierIT1,44495,0.021213187
1957,F,AgencyUK,40065,0.019101165
1957,F,CarrierIT2,39277,0.018725483
1957,F,TOC3,8474,0.004040017
1957,F,AgencyFR,6401,0.003051705
1957,F,Search1,5015,0.002390923
1957,F,TOC1,667,0.000317995
1957,F,Search2,476,0.000226935
1957,F,TOC2,27,1.29E-05
1958,F,CarrierIT1,41898,0.02028948
1958,F,CarrierIT2,37932,0.018368909
1958,F,AgencyUK,32936,0.015949552
1958,F,TOC3,7709,0.003733152
1958,F,AgencyFR,5539,0.00268231
1958,F,Search1,4763,0.002306525
1958,F,TOC1,796,0.00038547
1958,F,Search2,529,0.000256173
1958,F,TOC2,38,1.84E-05
1959,F,CarrierIT1,40409,0.019441639
1959,F,CarrierIT2,35221,0.016945581
1959,F,AgencyUK,29552,0.014218103
1959,F,TOC3,7317,0.003520366
1959,F,AgencyFR,5238,0.002520114
1959,F,Search1,4378,0.00210635
1959,F,TOC1,858,0.000412802
1959,F,Search2,523,0.000251627
1959,F,TOC2,37,1.78E-05
1960,F,CarrierIT1,37314,0.017940027
1960,F,CarrierIT2,32107,0.015436577
1960,F,AgencyUK,25269,0.012148967
1960,F,TOC3,6503,0.003126548
1960,F,AgencyFR,5077,0.002440948
1960,F,Search1,4069,0.001956316
1960,F,TOC1,977,0.000469727
1960,F,Search2,560,0.00026924
1960,F,TOC2,57,2.74E-05
1961,F,CarrierIT1,35574,0.017133981
1961,F,CarrierIT2,28867,0.013903599
1961,F,AgencyUK,24092,0.011603752
1961,F,TOC3,5580,0.00268757
1961,F,AgencyFR,4726,0.002276247
1961,F,Search1,3855,0.001856735
1961,F,TOC1,1057,0.000509097
1961,F,Search2,669,0.000322219
1961,F,TOC2,80,3.85E-05
1962,F,CarrierIT1,31462,0.015521322
1962,F,CarrierIT2,26538,0.013092138
1962,F,AgencyUK,22893,0.01129393
1962,F,TOC3,4765,0.002350744
1962,F,AgencyFR,4075,0.002010342
1962,F,Search1,3587,0.001769595
1962,F,TOC1,948,0.000467682
1962,F,Search2,867,0.000427722
1962,F,TOC2,95,4.69E-05
1963,F,CarrierIT1,27715,0.013941918
1963,F,CarrierIT2,25363,0.012758754
1963,F,AgencyUK,21062,0.010595154
1963,F,TOC3,4154,0.002089653
1963,F,AgencyFR,3791,0.001907047
1963,F,Search1,3340,0.001680173
1963,F,Search2,1121,0.000563915
1963,F,TOC1,1035,0.000520653
1963,F,TOC2,108,5.43E-05
1964,F,CarrierIT2,26087,0.013328858
1964,F,CarrierIT1,23633,0.012075014
1964,F,AgencyUK,19306,0.009864182
1964,F,TOC3,4067,0.002077988
1964,F,AgencyFR,3535,0.001806168
1964,F,Search1,3095,0.001581355
1964,F,TOC1,1275,0.000651447
1964,F,Search2,1172,0.00059882
1964,F,TOC2,180,9.20E-05
1965,F,CarrierIT2,23551,0.012888118
1965,F,CarrierIT1,19339,0.010583131
1965,F,AgencyUK,17083,0.009348551
1965,F,TOC3,3565,0.001950921
1965,F,AgencyFR,2960,0.001619839
1965,F,Search1,2804,0.001534469
1965,F,TOC1,1650,0.000902951
1965,F,Search2,1529,0.000836734
1965,F,TOC2,218,0.000119299
1966,F,CarrierIT2,20115,0.011457915
1966,F,AgencyUK,16250,0.009256332
1966,F,CarrierIT1,15560,0.008863294
1966,F,TOC3,2948,0.001679241
1966,F,AgencyFR,2667,0.001519178
1966,F,Search1,2449,0.001395
1966,F,TOC1,2329,0.001326646
1966,F,Search2,1665,0.000948418
1966,F,TOC2,263,0.00014981
1967,F,CarrierIT2,17746,0.010337552
1967,F,AgencyUK,14007,0.008159478
1967,F,CarrierIT1,13199,0.007688795
1967,F,TOC1,2663,0.001551274
1967,F,TOC3,2543,0.00148137
1967,F,AgencyFR,2316,0.001349136
1967,F,Search1,2153,0.001254184
1967,F,Search2,1761,0.001025833
1967,F,TOC2,386,0.000224856
1968,F,CarrierIT2,15806,0.009246087
1968,F,AgencyUK,12286,0.007186981
1968,F,CarrierIT1,11368,0.006649975
1968,F,TOC1,2430,0.001421485
1968,F,TOC3,2134,0.001248333
1968,F,AgencyFR,2084,0.001219084
1968,F,Search1,1881,0.001100335
1968,F,Search2,1841,0.001076936
1968,F,TOC2,544,0.000318225
1969,F,CarrierIT2,14957,0.008485182
1969,F,AgencyUK,11186,0.006345875
1969,F,CarrierIT1,10248,0.005813742
1969,F,TOC1,2817,0.001598098
1969,F,Search2,2492,0.001413724
1969,F,TOC3,2133,0.001210062
1969,F,Search1,1857,0.001053486
1969,F,AgencyFR,1778,0.001008668
1969,F,TOC2,643,0.000364777
1970,F,CarrierIT2,13404,0.00731677
1970,F,AgencyUK,9853,0.005378404
1970,F,CarrierIT1,8734,0.004767582
1970,F,Search2,4023,0.002196013
1970,F,TOC1,3550,0.001937819
1970,F,TOC3,1967,0.001073716
1970,F,AgencyFR,1802,0.000983648
1970,F,Search1,1715,0.000936158
1970,F,TOC2,932,0.000508746
1971,F,CarrierIT2,11466,0.006543191
1971,F,AgencyUK,8675,0.004950478
1971,F,CarrierIT1,7379,0.004210902
1971,F,Search2,5360,0.003058739
1971,F,TOC1,4133,0.002358539
1971,F,TOC3,1763,0.001006074
1971,F,AgencyFR,1626,0.000927894
1971,F,Search1,1441,0.000822321
1971,F,TOC2,1164,0.000664249
1972,F,CarrierIT2,9602,0.00595464
1972,F,AgencyUK,6279,0.003893896
1972,F,Search2,6208,0.003849865
1972,F,CarrierIT1,5746,0.003563358
1972,F,TOC1,4181,0.00259283
1972,F,TOC3,1366,0.000847119
1972,F,AgencyFR,1277,0.000791926
1972,F,Search1,1245,0.000772082
1972,F,TOC2,1176,0.000729291
1973,F,CarrierIT2,8477,0.005454916
1973,F,Search2,7226,0.004649903
1973,F,TOC1,5627,0.003620952
1973,F,AgencyUK,4984,0.003207185
1973,F,CarrierIT1,4735,0.003046954
1973,F,TOC3,1323,0.000851345
1973,F,TOC2,1253,0.000806301
1973,F,AgencyFR,1175,0.000756108
1973,F,Search1,1133,0.000729081
1974,F,Search2,10653,0.006801996
1974,F,CarrierIT2,8040,0.005133582
1974,F,TOC1,7476,0.004773465
1974,F,AgencyUK,4345,0.002774305
1974,F,CarrierIT1,4085,0.002608294
1974,F,TOC2,1626,0.001038209
1974,F,Search1,1140,0.000727896
1974,F,TOC3,1130,0.000721511
1974,F,AgencyFR,1100,0.000702356
1975,F,Search2,12930,0.008284717
1975,F,TOC1,12653,0.008107234
1975,F,CarrierIT2,7056,0.004521034
1975,F,CarrierIT1,3525,0.002258595
1975,F,AgencyUK,3415,0.002188114
1975,F,TOC2,1988,0.001273783
1975,F,Search1,1057,0.000677258
1975,F,TOC3,1021,0.000654192
1975,F,AgencyFR,975,0.000624718
1976,F,Search2,18370,0.011686487
1976,F,TOC1,15591,0.009918564
1976,F,CarrierIT2,6017,0.003827849
1976,F,CarrierIT1,3141,0.001998217
1976,F,AgencyUK,2994,0.0019047
1976,F,TOC2,2292,0.001458107
1976,F,AgencyFR,983,0.000625357
1976,F,Search1,942,0.000599274
1976,F,TOC3,908,0.000577645
1977,F,Search2,24843,0.015103239
1977,F,TOC1,18280,0.011113279
1977,F,CarrierIT2,5907,0.003591146
1977,F,CarrierIT1,2909,0.001768519
1977,F,TOC2,2706,0.001645106
1977,F,AgencyUK,2677,0.001627475
1977,F,Search1,992,0.000603084
1977,F,AgencyFR,934,0.000567823
1977,F,TOC3,807,0.000490614
1978,F,Search2,26105,0.015881282
1978,F,TOC1,20522,0.012484799
1978,F,CarrierIT2,5498,0.003344773
1978,F,TOC2,3484,0.002119532
1978,F,CarrierIT1,2936,0.00178615
1978,F,AgencyUK,2479,0.001508129
1978,F,Search1,922,0.000560909
1978,F,AgencyFR,913,0.000555434
1978,F,TOC3,715,0.000434979
1979,F,TOC1,31927,0.018529201
1979,F,Search2,27777,0.016120701
1979,F,CarrierIT2,5651,0.003279623
1979,F,TOC2,4450,0.002582609
1979,F,CarrierIT1,2739,0.00158961
1979,F,AgencyUK,2181,0.001265768
1979,F,AgencyFR,889,0.000515941
1979,F,Search1,879,0.000510138
1979,F,TOC3,711,0.000412637
1980,F,TOC1,35819,0.020120456
1980,F,Search2,33921,0.019054301
1980,F,TOC2,7296,0.004098351
1980,F,CarrierIT2,5309,0.002982202
1980,F,CarrierIT1,2805,0.001575641
1980,F,AgencyUK,1938,0.001088625
1980,F,Search1,909,0.000510609
1980,F,AgencyFR,895,0.000502745
1980,F,TOC3,658,0.000369616
1981,F,Search2,42527,0.02378425
1981,F,TOC1,34373,0.019223929
1981,F,TOC2,8877,0.004964676
1981,F,CarrierIT2,5285,0.002955764
1981,F,CarrierIT1,2730,0.001526818
1981,F,AgencyUK,1905,0.001065417
1981,F,Search1,896,0.00050111
1981,F,AgencyFR,787,0.000440149
1981,F,TOC3,662,0.000370239
1982,F,Search2,45445,0.025056293
1982,F,TOC1,34210,0.018861828
1982,F,TOC2,14851,0.008188162
1982,F,CarrierIT2,5167,0.002848847
1982,F,CarrierIT1,2787,0.001536624
1982,F,AgencyUK,1842,0.001015595
1982,F,Search1,875,0.000482435
1982,F,AgencyFR,828,0.000456521
1982,F,TOC3,635,0.00035011
1983,F,Search2,45278,0.025307626
1983,F,TOC1,33754,0.018866416
1983,F,TOC2,33290,0.018607069
1983,F,CarrierIT2,4922,0.002751096
1983,F,CarrierIT1,2473,0.001382255
1983,F,AgencyUK,1605,0.000897097
1983,F,Search1,844,0.000471744
1983,F,AgencyFR,759,0.000424234
1983,F,TOC3,563,0.000314682
1984,F,Search2,45851,0.025436305
1984,F,TOC2,38759,0.021501946
1984,F,TOC1,33906,0.018809696
1984,F,CarrierIT2,4475,0.002482551
1984,F,CarrierIT1,2334,0.00129481
1984,F,AgencyUK,1468,0.000814388
1984,F,Search1,859,0.000476539
1984,F,AgencyFR,682,0.000378346
1984,F,TOC3,503,0.000279044
1985,F,Search2,48343,0.026193479
1985,F,TOC2,47007,0.0254696
1985,F,TOC1,39050,0.021158293
1985,F,CarrierIT2,4398,0.002382949
1985,F,CarrierIT1,2113,0.001144878
1985,F,AgencyUK,1401,0.000759098
1985,F,Search1,809,0.000438337
1985,F,AgencyFR,719,0.000389573
1985,F,TOC3,502,0.000271996
1986,F,Search2,52667,0.028549916
1986,F,TOC2,49674,0.026927459
1986,F,TOC1,40522,0.021966311
1986,F,CarrierIT2,4246,0.002301687
1986,F,CarrierIT1,1951,0.001057605
1986,F,AgencyUK,1284,0.000696035
1986,F,Search1,766,0.000415236
1986,F,AgencyFR,629,0.000340971
1986,F,TOC3,407,0.000220628
1987,F,Search2,55990,0.029884061
1987,F,TOC2,54845,0.02927293
1987,F,TOC1,41786,0.022302829
1987,F,CarrierIT2,3913,0.002088522
1987,F,CarrierIT1,1929,0.001029583
1987,F,AgencyUK,1203,0.000642088
1987,F,Search1,815,0.000434997
1987,F,AgencyFR,614,0.000327716
1987,F,TOC3,435,0.000232177
1988,F,Search2,51532,0.026807986
1988,F,TOC2,49963,0.025991761
1988,F,TOC1,39451,0.020523206
1988,F,CarrierIT2,3798,0.001975796
1988,F,CarrierIT1,1844,0.000959286
1988,F,AgencyUK,1056,0.000549353
1988,F,Search1,775,0.000403171
1988,F,AgencyFR,608,0.000316294
1988,F,TOC3,395,0.000205487
1989,F,Search2,47885,0.024041225
1989,F,TOC2,47585,0.023890607
1989,F,TOC1,36827,0.018489427
1989,F,CarrierIT2,3606,0.001810435
1989,F,CarrierIT1,1844,0.000925802
1989,F,AgencyUK,1076,0.000540218
1989,F,Search1,857,0.000430267
1989,F,AgencyFR,620,0.000311278
1989,F,TOC3,399,0.000200323
1990,F,Search2,46470,0.022627431
1990,F,TOC2,45553,0.02218092
1990,F,TOC1,34405,0.016752674
1990,F,CarrierIT2,3578,0.00174222
1990,F,CarrierIT1,1658,0.000807323
1990,F,AgencyUK,1094,0.000532697
1990,F,Search1,861,0.000419243
1990,F,AgencyFR,596,0.000290208
1990,F,TOC3,406,0.000197692
1991,F,TOC2,43482,0.021388328
1991,F,Search2,43394,0.021345042
1991,F,TOC1,28887,0.014209204
1991,F,CarrierIT2,3418,0.001681277
1991,F,CarrierIT1,1608,0.000790958
1991,F,AgencyUK,1014,0.000498776
1991,F,Search1,773,0.00038023
1991,F,AgencyFR,498,0.000244961
1991,F,TOC3,345,0.000169702
1992,F,TOC2,38452,0.019186035
1992,F,Search2,38352,0.019136139
1992,F,TOC1,25034,0.012490981
1992,F,CarrierIT2,2951,0.001472433
1992,F,CarrierIT1,1580,0.000788358
1992,F,AgencyUK,919,0.000458545
1992,F,Search1,827,0.00041264
1992,F,AgencyFR,508,0.000253472
1992,F,TOC3,296,0.000147692
1993,F,Search2,34987,0.017750627
1993,F,TOC2,34847,0.017679598
1993,F,TOC1,20809,0.01055743
1993,F,CarrierIT2,2660,0.001349549
1993,F,CarrierIT1,1487,0.000754428
1993,F,Search1,868,0.000440379
1993,F,AgencyUK,797,0.000404357
1993,F,AgencyFR,476,0.000241498
1993,F,TOC3,292,0.000148146
1994,F,Search2,32117,0.016479764
1994,F,TOC2,30278,0.015536143
1994,F,TOC1,18715,0.009602976
1994,F,CarrierIT2,2363,0.001212494
1994,F,CarrierIT1,1281,0.000657302
1994,F,Search1,848,0.000435123
1994,F,AgencyUK,740,0.000379706
1994,F,AgencyFR,442,0.000226798
1994,F,TOC3,275,0.000141107
1995,F,Search2,27935,0.01454164
1995,F,TOC2,26603,0.013848264
1995,F,TOC1,16345,0.008508434
1995,F,CarrierIT2,2160,0.001124394
1995,F,CarrierIT1,1233,0.000641842
1995,F,Search1,837,0.000435703
1995,F,AgencyUK,660,0.000343565
1995,F,AgencyFR,376,0.000195728
1995,F,TOC3,234,0.000121809
1996,F,Search2,24192,0.012621838
1996,F,TOC2,23676,0.012352623
1996,F,TOC1,13973,0.007290218
1996,F,CarrierIT2,1970,0.00102782
1996,F,CarrierIT1,987,0.000514953
1996,F,Search1,900,0.000469562
1996,F,AgencyUK,633,0.000330259
1996,F,AgencyFR,350,0.000182608
1996,F,TOC3,217,0.000113217
1997,F,Search2,21043,0.011025584
1997,F,TOC2,20895,0.010948039
1997,F,TOC1,12239,0.006412685
1997,F,CarrierIT2,1781,0.000933164
1997,F,CarrierIT1,1095,0.000573731
1997,F,Search1,812,0.000425451
1997,F,AgencyUK,638,0.000334283
1997,F,AgencyFR,315,0.000165046
1997,F,TOC3,189,9.90E-05
1998,F,TOC2,19871,0.010254936
1998,F,Search2,18233,0.009409604
1998,F,TOC1,10908,0.005629351
1998,F,CarrierIT2,1704,0.000879393
1998,F,CarrierIT1,970,0.000500593
1998,F,Search1,832,0.000429375
1998,F,AgencyUK,553,0.00028539
1998,F,AgencyFR,312,0.000161016
1998,F,TOC3,194,0.000100119
1999,F,TOC2,18132,0.009318379
1999,F,Search2,16346,0.00840052
1999,F,TOC1,9741,0.005006085
1999,F,CarrierIT2,1532,0.000787324
1999,F,CarrierIT1,898,0.000461499
1999,F,Search1,841,0.000432206
1999,F,AgencyUK,524,0.000269294
1999,F,AgencyFR,335,0.000172163
1999,F,TOC3,182,9.35E-05
2000,F,TOC2,17997,0.009023491
2000,F,Search2,15705,0.007874308
2000,F,TOC1,8550,0.004286872
2000,F,CarrierIT2,1392,0.000697933
2000,F,Search1,890,0.000446236
2000,F,CarrierIT1,849,0.000425679
2000,F,AgencyUK,545,0.000273257
2000,F,AgencyFR,312,0.000156433
2000,F,TOC3,174,8.72E-05
2001,F,TOC2,16524,0.008347263
2001,F,Search2,13917,0.007030311
2001,F,TOC1,6963,0.003517429
2001,F,CarrierIT2,1223,0.000617811
2001,F,Search1,884,0.000446561
2001,F,CarrierIT1,837,0.000422819
2001,F,AgencyUK,489,0.000247023
2001,F,AgencyFR,317,0.000160136
2001,F,TOC3,153,7.73E-05
2002,F,TOC2,15339,0.007772265
2002,F,Search2,11913,0.006036312
2002,F,TOC1,6132,0.003107082
2002,F,CarrierIT2,1113,0.000563957
2002,F,Search1,875,0.000443362
2002,F,CarrierIT1,769,0.000389652
2002,F,AgencyUK,474,0.000240176
2002,F,AgencyFR,263,0.000133262
2002,F,TOC3,127,6.44E-05
2003,F,TOC2,14512,0.007238151
2003,F,Search2,10445,0.005209653
2003,F,TOC1,5339,0.002662933
2003,F,CarrierIT2,1011,0.000504257
2003,F,Search1,783,0.000390537
2003,F,CarrierIT1,739,0.000368591
2003,F,AgencyUK,421,0.000209982
2003,F,AgencyFR,291,0.000145142
2003,F,TOC3,142,7.08E-05
2004,F,TOC2,14370,0.007127753
2004,F,Search2,9469,0.004696778
2004,F,TOC1,4677,0.002319868
2004,F,CarrierIT2,997,0.000494528
2004,F,Search1,860,0.000426574
2004,F,CarrierIT1,727,0.000360604
2004,F,AgencyUK,427,0.000211799
2004,F,AgencyFR,288,0.000142853
2004,F,TOC3,136,6.75E-05
2005,F,TOC2,13270,0.00654498
2005,F,Search2,8108,0.003998998
2005,F,TOC1,4088,0.002016268
2005,F,Search1,960,0.000473488
2005,F,CarrierIT2,877,0.000432551
2005,F,CarrierIT1,745,0.000367446
2005,F,AgencyUK,425,0.000209617
2005,F,AgencyFR,234,0.000115413
2005,F,TOC3,132,6.51E-05
2006,F,TOC2,12340,0.005909223
2006,F,Search2,6809,0.003260608
2006,F,TOC1,3355,0.0016066
2006,F,Search1,948,0.000453966
2006,F,CarrierIT2,775,0.000371122
2006,F,CarrierIT1,698,0.000334249
2006,F,AgencyUK,423,0.000202561
2006,F,AgencyFR,265,0.0001269
2006,F,TOC3,135,6.46E-05
2007,F,TOC2,11423,0.005403741
2007,F,Search2,5704,0.002698322
2007,F,TOC1,3038,0.00143715
2007,F,Search1,931,0.000440417
2007,F,CarrierIT2,725,0.000342967
2007,F,CarrierIT1,659,0.000311745
2007,F,AgencyUK,371,0.000175504
2007,F,AgencyFR,262,0.000123941
2007,F,TOC3,134,6.34E-05
2008,F,TOC2,9402,0.004520305
2008,F,Search2,4732,0.002275057
2008,F,TOC1,2439,0.001172625
2008,F,Search1,884,0.000425011
2008,F,CarrierIT2,629,0.000302411
2008,F,CarrierIT1,611,0.000293757
2008,F,AgencyUK,355,0.000170677
2008,F,AgencyFR,242,0.000116349
2008,F,TOC3,137,6.59E-05
2009,F,TOC2,7811,0.003863391
2009,F,Search2,3793,0.001876052
2009,F,TOC1,1952,0.000965477
2009,F,Search1,826,0.000408547
2009,F,CarrierIT2,564,0.000278959
2009,F,CarrierIT1,550,0.000272035
2009,F,AgencyUK,346,0.000171135
2009,F,AgencyFR,226,0.000111782
2009,F,TOC3,148,7.32E-05
2010,F,TOC2,6306,0.003222521
2010,F,Search2,3195,0.001632724
2010,F,TOC1,1655,0.000845746
2010,F,Search1,703,0.00035925
2010,F,CarrierIT2,479,0.000244781
2010,F,CarrierIT1,476,0.000243248
2010,F,AgencyUK,354,0.000180903
2010,F,AgencyFR,240,0.000122646
2010,F,TOC3,132,6.75E-05
2011,F,TOC2,5398,0.002792056
2011,F,Search2,2620,0.001355166
2011,F,TOC1,1409,0.00072879
2011,F,Search1,729,0.000377067
2011,F,CarrierIT1,488,0.000252413
2011,F,CarrierIT2,427,0.000220861
2011,F,AgencyUK,332,0.000171723
2011,F,AgencyFR,276,0.000142758
2011,F,TOC3,167,8.64E-05
2012,F,TOC2,4696,0.002428064
2012,F,Search2,2327,0.001203174
2012,F,TOC1,1228,0.000634937
2012,F,Search1,772,0.000399162
2012,F,CarrierIT1,448,0.000231638
2012,F,CarrierIT2,394,0.000203717
2012,F,AgencyUK,336,0.000173729
2012,F,AgencyFR,277,0.000143223
2012,F,TOC3,140,7.24E-05
2013,F,TOC2,3936,0.002048983
2013,F,Search2,1946,0.001013039
2013,F,TOC1,1064,0.000553892
2013,F,Search1,738,0.000384184
2013,F,CarrierIT1,441,0.000229574
2013,F,CarrierIT2,419,0.000218121
2013,F,AgencyFR,334,0.000173872
2013,F,AgencyUK,329,0.000171269
2013,F,TOC3,174,9.06E-05
2014,F,TOC2,3547,0.00182126
2014,F,Search2,1790,0.000919102
2014,F,TOC1,1048,0.000538111
2014,F,Search1,801,0.000411285
2014,F,CarrierIT1,470,0.000241328
2014,F,AgencyFR,382,0.000196144
2014,F,CarrierIT2,377,0.000193576
2014,F,AgencyUK,369,0.000189469
2014,F,TOC3,193,9.91E-05
2015,F,TOC2,3409,0.001761658
2015,F,Search2,1577,0.000814941
2015,F,TOC1,1013,0.000523485
2015,F,Search1,757,0.000391192
2015,F,CarrierIT1,423,0.000218592
2015,F,AgencyFR,395,0.000204123
2015,F,AgencyUK,346,0.000178801
2015,F,CarrierIT2,346,0.000178801
2015,F,TOC3,186,9.61E-05